regime,param_vector_id,omega_2,omega_3,kappa,beta,zeta,lambda_hat_qr,lambda_hat_gmsr,max_singular_value,num_trials_sigma_gt_1
round_robin,0,-4.134129159289461,-3.075193394602443,1.0,0.8275056996784209,0.31636407076699924,-0.013102074377632786,-0.001430773140010608,1.0603009288056786,302
round_robin,1,-5.071454471282259,-2.130044098353858,1.0,2.155890406252504,0.36723336017940045,-0.011274075001881385,-0.0008115046473351243,1.113372441323939,302
round_robin,2,-4.462026467987239,-7.563197369527308,1.0,3.4577504820846183,-0.8573104782662448,-0.011942477982261425,0.00047507527327255556,1.0438004260278901,344
round_robin,3,-2.3218270816503175,-3.5280451488137325,1.0,1.9403462956000415,-0.1153975677153185,-0.013750244595390681,-0.0010408542951384958,1.6911801819912253,333
round_robin,4,-5.466378823776983,-7.667494641622135,1.0,3.364391670701065,-0.9045953967966018,-0.013541679641027047,0.0002217352010068628,1.0555367092283559,335
round_robin,5,-5.90296614137309,-2.9480941067283988,1.0,1.0913667189847542,-0.9652618690155708,-0.015578391369082487,-0.0002870401220663244,1.0582125599265486,305
round_robin,6,-4.2344310817337565,-5.915790902729989,1.0,3.9800794714606003,0.27327748517147765,-0.0143724112140688,-0.0003026419232011708,1.039782900209616,297
round_robin,7,-4.162700618136258,-7.926516240975703,1.0,2.3813229130739986,0.2692473809193996,-0.012903660392845998,-1.3008268217101788e-05,1.038430214156362,307
round_robin,8,-4.2704552832030345,-6.760107338246,1.0,3.4109670326858805,-0.5013955978946203,-0.015012215387519588,-0.0002722747786435346,1.0404492160825567,297
round_robin,9,-3.9013284348491024,-7.561982049193144,1.0,2.9444837292196056,0.5040707258812684,-0.012477718908413593,-0.0001363317148309711,1.0333281405814927,287
round_robin,10,-5.377866022281259,-4.427315401271388,1.0,0.5090691949693387,0.39805864920836687,-0.01263854338010706,0.0005545175109279006,1.0548508638458547,369
round_robin,11,-3.8105693071444926,-7.37600871323373,1.0,3.582793946068584,-0.3445075254904848,-0.012973503318999673,-3.679879238158457e-05,1.0449756570143711,304
round_robin,12,-2.561611154827091,-3.4720362760862677,1.0,1.1542729751733911,0.15430779411925433,-0.014004894704903863,-0.0005998674846106473,1.4069511299598678,343
round_robin,13,-4.3833091822669825,-3.361105022844475,1.0,2.5000804157924352,0.9248391509713607,-0.01109620322617589,-0.0010218796192530454,1.0424589772692443,307
round_robin,14,-4.042670701419645,-2.1430395889038785,1.0,1.0488806446245718,0.5454900281274839,-0.011615180427845448,-0.0021171688777863458,1.1227195235133165,300
round_robin,15,-2.1544070550767906,-2.6736029089175375,1.0,1.384850801137437,0.5677423362333835,-0.0103787259928737,-0.0002836109652828805,2.0620836085063536,358
round_robin,16,-2.9256494296614224,-2.2949077659854584,1.0,2.2032700373081227,-0.3327851203219412,-0.010470513231917103,-0.0026202565871865733,1.2328820291410092,330
round_robin,17,-3.7263038097268906,-2.3357203180004777,1.0,3.394260558381219,0.7415489603851653,-0.010808660013599038,-0.0015297185325039199,1.118239090534005,331
round_robin,18,-4.266123254420695,-2.518815899313667,1.0,1.5690765635169917,-0.6404798522526638,-0.012541579598967326,-0.0017011094260353083,1.0986187210694611,300
round_robin,19,-5.647627271796555,-2.2070841821024008,1.0,0.6346230072681917,0.5546557781654793,-0.010776342794665552,-0.0009634963019587384,1.1051826554651178,294
round_robin,20,-5.1354464412324115,-3.104460839404032,1.0,3.5106091458285444,0.7985325465015976,-0.011712115431508918,-6.0874547914153e-05,1.0526716921377126,326
round_robin,21,-4.505160764023682,-7.650428428796076,1.0,1.0734052424057536,-0.2656493161455564,-0.013986168989642965,0.0001144930315146585,1.0445062871761506,336
round_robin,22,-4.649268053421451,-4.880936363209309,1.0,3.0856574292914667,0.47387328216788305,-0.014819618294557703,-0.0004203191437926817,1.0467252890151175,304
round_robin,23,-2.7481823357954185,-2.3807556540240657,1.0,1.1596949087212312,0.04016087610411412,-0.011193541805809337,-0.0041363705607001516,1.085403928383295,295
round_robin,24,-2.4440970510342512,-2.7130661814288723,1.0,2.331145788484045,0.9703080940892794,-0.015228735703772612,-0.002987731531114172,1.4788526021437096,301
round_robin,25,-3.3767096002984576,-5.660845286188968,1.0,2.069563957679298,0.28455394644522025,-0.013632300019388468,-0.00043412395060420263,1.1786089137170503,313
round_robin,26,-5.613148996537137,-2.094056207410648,1.0,0.5942767105279325,0.7189441874846767,-0.009771172200242186,-0.0008565531910186267,1.0895326659498366,300
round_robin,27,-4.135598218464601,-6.972059021729724,1.0,2.440225975804424,0.5916548252900826,-0.015432708764758352,-0.00019409974617117006,1.0379102628659367,307
round_robin,28,-3.324782335633929,-5.9139217559823045,1.0,1.7161006019947322,-0.6421581796530251,-0.013175878496847144,-0.0005549030071732612,1.0608102411346716,297
round_robin,29,-3.452776759631433,-3.9347182764082076,1.0,2.7820056335537577,-0.3197332606308996,-0.018569634448159327,-0.0012896840328650418,1.0649554452569656,306
round_robin,30,-3.9388293222652555,-6.782169868048206,1.0,3.33916168297582,0.985591479625747,-0.014183510596936597,-9.723708471872405e-05,1.0496061142298625,323
round_robin,31,-3.1511127743031926,-7.112926678370213,1.0,1.5723702918114326,-0.026448682846495153,-0.01738878584269784,-5.541186881384868e-05,1.0595279265393003,314
round_robin,32,-4.2000531331201,-3.0878360192277334,1.0,1.7669916674638952,0.5777096351661708,-0.015133412054125212,-0.0017049403107644715,1.0452505394960707,299
round_robin,33,-4.761907289009088,-3.7513041754673004,1.0,1.10005631594482,0.8165535456591151,-0.013695401886671451,-0.0005971865948932887,1.0483095881956614,311
round_robin,34,-4.103848452815098,-3.7534419925724,1.0,0.8421122785753692,-0.0669317258858595,-0.013070393280207038,-0.0004773229889829745,1.060638789237949,320
round_robin,35,-4.453129663693852,-2.8065899511390375,1.0,0.7693071128027922,-0.4155029906310743,-0.013290421546701502,-0.0007067523759877242,1.0792189166096064,315
round_robin,36,-3.0137153361333175,-2.9004090357526193,1.0,2.242081975899743,-0.10495822838446722,-0.011943248759720252,-0.00265744472439975,1.1952537340984921,302
round_robin,37,-2.1462626812349064,-6.760623278589602,1.0,0.5857757021168093,0.674967345816061,-0.01380992283919902,0.001053723510192501,1.5818068194387005,377
round_robin,38,-3.528680715783101,-6.6277053828391965,1.0,1.8100319330718833,-0.8681032925797623,-0.013288028904185768,2.9129010922284366e-05,1.1234197997071775,330
round_robin,39,-3.7694647516962063,-2.0655799928953895,1.0,3.826680302817498,-0.2554177518887675,-0.012681521196813329,-0.001995614329938427,1.1755342073077188,320
round_robin,40,-5.767490574850028,-5.378121132805711,1.0,2.860028850010538,0.7720917593045202,-0.01280421842709212,0.0002553070223364837,1.0574951361407077,299
round_robin,41,-5.594797564540704,-7.342061938552662,1.0,3.964674268336365,-0.7248593989016221,-0.012577749327837237,0.0005888255925831518,1.0564386346274628,329
round_robin,42,-3.7040861387430457,-2.2403894637454975,1.0,0.9913078533683394,-0.9909229875036318,-0.013048269604905122,-0.0036498303227997632,1.0930346514108307,288
round_robin,43,-4.305570039272583,-5.996416063697008,1.0,0.8498416944011973,-0.38039101778444184,-0.01388727990664867,-0.00034484049580510776,1.0410878879338374,285
round_robin,44,-2.7399782562791346,-6.873439980493088,1.0,3.921068517612398,0.07602304554941841,-0.01768688358344862,0.00023220605015192191,1.1637009406332801,354
round_robin,45,-3.5678235499809463,-6.558779423481327,1.0,1.476234518567548,-0.7123359242830316,-0.013449967937072782,-0.00025881968812798914,1.0570541384815597,313
round_robin,46,-4.8572170027672215,-7.607665938247244,1.0,2.1243860516069923,-0.5794743448363533,-0.014069826897720123,0.00010504709059856658,1.049551189047216,330
round_robin,47,-5.893569441898835,-3.9340199450781626,1.0,3.065648374816206,0.6392586701504315,-0.011196809233671123,0.00046291831526082297,1.0581658155327656,337
round_robin,48,-4.030710024977075,-7.322039071929021,1.0,3.53848709841429,0.380398762722457,-0.012422352323432431,-0.00012779023448282215,1.0358685471481406,291
round_robin,49,-3.142558414428998,-4.569011157735219,1.0,0.6427177750437323,0.835126236666587,-0.014742608619895053,-0.0007486724054630239,1.1619139120250261,317
round_robin,50,-4.769655123473019,-4.413392300775429,1.0,1.4136722989314385,0.946533561859978,-0.012507189496303315,-0.00014895296759196588,1.0484145228497328,321
round_robin,51,-3.924232410045873,-7.952167476531109,1.0,3.8557337137722465,-0.9566995454105489,-0.013735695544179359,-1.9155095994163805e-05,1.0337764017306423,300
round_robin,52,-4.592539236563257,-6.214629391553155,1.0,3.417002739743702,0.9328149987116467,-0.012844367008831377,9.447814628854962e-05,1.0458776616325196,302
round_robin,53,-4.486338944781826,-4.1235882018524785,1.0,3.282418171875932,-0.8925031966285186,-0.013768683929861743,3.176252532337487e-05,1.0441985150307913,345
round_robin,54,-2.7139643948786207,-6.650515189701865,1.0,1.0901846911532629,0.7357312795149284,-0.01582680312198502,0.0001981123707094655,1.2136946410321428,360
round_robin,55,-4.448275924527197,-4.300378246125133,1.0,0.716811820089382,0.998883435222383,-0.014094856096936946,-0.0001474245778871062,1.0435695326612326,330
round_robin,56,-3.5631727223792575,-7.916957123464021,1.0,0.5564873749016165,0.10394038216183632,-0.013534328193894636,0.00018059667508805684,1.081623109086783,348
round_robin,57,-4.150307928299886,-7.441808226709985,1.0,1.6350287457310135,-0.7389849242143425,-0.012120588459142788,0.0003152419149652814,1.0577192875470816,332
round_robin,58,-4.9097576482302205,-3.2743356112251334,1.0,1.9343716351890354,0.4470096948958169,-0.012152471881504527,-0.0007727314330570762,1.0501947375688128,296
round_robin,59,-3.5132479590606813,-5.876744881335818,1.0,3.621277845356757,0.10743567997481773,-0.016527381944631492,-0.0006375619644991668,1.1208558854619808,290
round_robin,60,-2.0470877073344718,-4.616640313856836,1.0,2.148820844630291,-0.9139896126327016,-0.012375451759066333,1.5247583900347034e-05,1.7929012610532593,356
round_robin,61,-5.178307374724696,-6.435040523549127,1.0,2.230766709634237,-0.8920198261580803,-0.015672291430488584,2.1161818788680404e-05,1.053092118440027,295
round_robin,62,-4.289722630878712,-3.3596233775650157,1.0,3.01466562819223,0.48910720607435665,-0.012928145774786445,-0.0008048871661187185,1.0476794559653837,315
round_robin,63,-4.499026633509422,-4.33617668148582,1.0,2.5622947630728183,-0.3324796547243518,-0.012658861531639497,-0.0002717965440377763,1.0444054222401111,309
round_robin,64,-2.9727348874308688,-2.3096750858170036,1.0,3.9195924798572137,0.3968913287738718,-0.01524238781705238,-0.003958758552955083,1.1270226681298328,304
round_robin,65,-5.668170763764762,-3.244020916034385,1.0,3.739251896969302,-0.21196404094592736,-0.01183177732325392,-0.00023673906964330726,1.056907970940051,300
round_robin,66,-5.9775509785728715,-7.281458204453416,1.0,1.2811956178328305,0.6037280261180991,-0.011656976636753583,0.0008761476477530226,1.058570482729038,355
round_robin,67,-5.961565370020871,-4.514866648994899,1.0,0.9872032065157315,-0.5391615747439886,-0.012464756062920159,0.00035236749543300785,1.0584958871429335,304
round_robin,68,-2.368022090956732,-6.1627947770995695,1.0,2.1457256089122665,0.6102426968528136,-0.013675580138989136,0.000309142536255935,1.7977613074672114,356
round_robin,69,-4.380513965595499,-5.195543883487054,1.0,2.5551615310104405,0.3627370098865448,-0.014106436178155173,-1.1219369161632424e-05,1.0424152261201227,323
round_robin,70,-5.536677867756756,-5.5444760195632234,1.0,3.998214931306304,-0.8804981351798398,-0.014537515724774144,-1.7884950612459538e-05,1.056043471113789,296
round_robin,71,-5.61484696033728,-5.894018884991481,1.0,3.8245034583054203,-0.5097289365387887,-0.01696360315328029,0.00011953420512603558,1.0565701081342889,307
round_robin,72,-2.1375075297082407,-7.758464039984268,1.0,2.805406035691545,-0.722974158180022,-0.01619413806687166,0.0017103432179865414,1.9856391216136333,397
round_robin,73,-5.43155003933931,-2.689048495592724,1.0,2.6746959880658365,0.15734395434854687,-0.01036159166004368,-0.0006881448808032684,1.0552725962126452,313
round_robin,74,-4.471353744361476,-2.6186114753008285,1.0,2.0323856701770957,0.9553255121116289,-0.01084683561719348,-0.0007272196788229519,1.0801627395872797,310
round_robin,75,-4.658402802787889,-7.222517633906392,1.0,3.4075478666736694,-0.9718841453239309,-0.014436766194831389,5.4753102723239314e-05,1.0468593282036938,322
round_robin,76,-4.831010564100927,-2.9250676750706415,1.0,2.129540382135026,-0.054634789616297086,-0.011436740085060272,-0.00022646630022744404,1.0595447243299467,330
round_robin,77,-3.677751259589714,-7.789604686397084,1.0,2.484313401862783,0.3015764020298224,-0.012154499913433585,6.98391293149831e-05,1.061275481328137,324
round_robin,78,-4.453615619793397,-5.132143424282987,1.0,3.6388810059446888,-0.10280370200720834,-0.013710970230738563,-0.00033531036240509434,1.0436597806801549,302
round_robin,79,-2.9162345652580974,-6.504588104225946,1.0,1.4302670098702022,0.37585810325949187,-0.014537690288854122,0.0003384883690033515,1.69823533585767,354
round_robin,80,-5.819340626643349,-4.0882157264212715,1.0,1.9315243078768858,0.09286871584846912,-0.012096491748508955,0.00017954649928839014,1.0577805512778204,303
round_robin,81,-5.1527412570876585,-6.6650509907013635,1.0,2.7697810316987033,0.1190550035147282,-0.01602374826634497,0.00016251262641367055,1.0528438268107252,333
round_robin,82,-4.181178840156882,-5.530073322441348,1.0,3.255031270875793,0.6631844586942066,-0.013906144244425565,-0.00013095545189154627,1.038780749846626,331
round_robin,83,-3.75582183591206,-3.3967906463647566,1.0,1.3275648008297072,-0.06649289773331546,-0.011781141433832604,-0.0008743995684602178,1.0563721280815563,325
round_robin,84,-4.415243823953469,-2.621625106948997,1.0,2.8227787422014483,0.01639704014010679,-0.010640022611678098,-0.0015197198016184607,1.0560730604823476,296
round_robin,85,-4.441798310097802,-4.522964033612572,1.0,1.7080305697397744,0.5688541172912471,-0.012842151627765473,-0.0004523765583785959,1.0434613831099204,310
round_robin,86,-2.2917574914679064,-4.680758669371663,1.0,1.917518997469445,-0.49761152520391305,-0.012863047523622446,-0.0004806200723624114,1.546005759687125,340
round_robin,87,-3.926539705462415,-7.3029893009876234,1.0,1.68922179921053,0.5690040677966552,-0.012004969313603255,0.00020957649913016182,1.0798404982399123,340
round_robin,88,-3.348335173426918,-4.398465127416964,1.0,1.5616608801750655,0.7670421239443064,-0.012498495777465793,-0.0004612980740111432,1.172294963529834,337
round_robin,89,-2.105931671829198,-6.677090304371057,1.0,2.656980039827796,-0.8818990153924309,-0.012829819058255032,0.0009097590200287895,1.4774840556622901,375
round_robin,90,-4.41344340312164,-5.958937173259566,1.0,1.925085072481775,0.6775866023921884,-0.01530941973641161,-0.00024978945502931603,1.0429827990153628,295
round_robin,91,-4.797835592841792,-5.542957191147912,1.0,2.8127682946483996,0.5616170236951656,-0.019452328835872897,-0.00016789723537944878,1.0487890402211255,300
round_robin,92,-4.947186807216832,-5.451367583480407,1.0,3.5360878984249733,0.5275437824701033,-0.014074771207495486,3.757894719115436e-05,1.0506394076234349,321
round_robin,93,-2.214055243566633,-5.582833404689525,1.0,3.4828465244892266,-0.6640817842324152,-0.013247733085777133,0.0005682630623917724,2.1142942892579137,374
round_robin,94,-5.2220117941347395,-6.66464897365933,1.0,1.2031956634265908,0.9071990158834036,-0.015495806133017575,0.00013602425359940357,1.053504077176832,331
round_robin,95,-5.866589899754434,-7.624222343758399,1.0,2.7225806593846187,-0.5851632634487962,-0.01420895284974043,0.00020970387208974462,1.058028971783517,289
round_robin,96,-3.155161505271389,-3.114310934821563,1.0,0.7288752179503365,0.5226488395359619,-0.015018296593002555,-0.0021099514847351835,1.0812512727015828,307
round_robin,97,-2.9216067673425847,-6.769138652213405,1.0,3.160802270336384,0.42690659732889524,-0.017473524761574932,-3.441549772817631e-05,1.1171260914553507,329
round_robin,98,-5.986074194909419,-7.182081889492444,1.0,0.5194597885989276,-0.9983344964992857,-0.012355722097993311,0.0004743527630019481,1.0586097746878762,315
round_robin,99,-2.257548036791179,-2.352377604748506,1.0,3.1325868196551814,0.32100058321669644,-0.010004584159123746,-0.001199929539567586,1.6235193098527239,348
grw,0,-4.134129159289461,-3.075193394602443,1.0,0.8275056996784209,0.31636407076699924,-0.016481205197512373,-0.00021453123320854819,1.1657381596260397,348
grw,1,-5.071454471282259,-2.130044098353858,1.0,2.155890406252504,0.36723336017940045,-0.01989871426084242,-0.002052663370470652,1.1123989060608601,293
grw,2,-4.462026467987239,-7.563197369527308,1.0,3.4577504820846183,-0.8573104782662448,-0.01783267743220537,-7.010208436385901e-05,1.0438004260278901,308
grw,3,-2.3218270816503175,-3.5280451488137325,1.0,1.9403462956000415,-0.1153975677153185,-0.011960031098269824,0.0003606289079080736,2.2403400252157093,351
grw,4,-5.466378823776983,-7.667494641622135,1.0,3.364391670701065,-0.9045953967966018,-0.012401175032739319,0.0009446870108110855,1.0555367092283559,393
grw,5,-5.90296614137309,-2.9480941067283988,1.0,1.0913667189847542,-0.9652618690155708,-0.013467164289426355,6.147738061537958e-05,1.0582125599265486,333
grw,6,-4.2344310817337565,-5.915790902729989,1.0,3.9800794714606003,0.27327748517147765,-0.013531166516547484,-9.422614757443113e-05,1.1279495615795878,311
grw,7,-4.162700618136258,-7.926516240975703,1.0,2.3813229130739986,0.2692473809193996,-0.014552134007622976,0.0006301971702776732,1.4307284956208748,377
grw,8,-4.2704552832030345,-6.760107338246,1.0,3.4109670326858805,-0.5013955978946203,-0.01398818538637539,0.0011978011939641463,1.371063378000412,397
grw,9,-3.9013284348491024,-7.561982049193144,1.0,2.9444837292196056,0.5040707258812684,-0.013074146765162699,0.0004623208026969671,1.8661444043299524,382
grw,10,-5.377866022281259,-4.427315401271388,1.0,0.5090691949693387,0.39805864920836687,-0.013047991333723414,0.000498044019780121,1.0548508638458547,355
grw,11,-3.8105693071444926,-7.37600871323373,1.0,3.582793946068584,-0.3445075254904848,-0.014486861714648374,0.00015346817973319168,1.2959241292320587,332
grw,12,-2.561611154827091,-3.4720362760862677,1.0,1.1542729751733911,0.15430779411925433,-0.015111718917973728,0.0026211736606916915,2.7627561115585837,389
grw,13,-4.3833091822669825,-3.361105022844475,1.0,2.5000804157924352,0.9248391509713607,-0.012400760235349131,0.0003146555869290093,1.07370361799842,363
grw,14,-4.042670701419645,-2.1430395889038785,1.0,1.0488806446245718,0.5454900281274839,-0.010361794304411547,-0.002752888262804598,1.1327443388475427,318
grw,15,-2.1544070550767906,-2.6736029089175375,1.0,1.384850801137437,0.5677423362333835,-0.010620325960342625,0.0002970837596104655,2.744487846798218,360
grw,16,-2.9256494296614224,-2.2949077659854584,1.0,2.2032700373081227,-0.3327851203219412,-0.016002839140018845,0.0018080229610768785,2.7206511985296533,365
grw,17,-3.7263038097268906,-2.3357203180004777,1.0,3.394260558381219,0.7415489603851653,-0.012297522698649548,0.0013316076030549745,1.6230651428126077,393
grw,18,-4.266123254420695,-2.518815899313667,1.0,1.5690765635169917,-0.6404798522526638,-0.011803958762260489,-0.002447092236476882,1.078417739679984,304
grw,19,-5.647627271796555,-2.2070841821024008,1.0,0.6346230072681917,0.5546557781654793,-0.014766012971700021,-0.0008331924669690479,1.1140536157627183,314
grw,20,-5.1354464412324115,-3.104460839404032,1.0,3.5106091458285444,0.7985325465015976,-0.014457511280872295,-0.0007822508071444421,1.0526716921377126,314
grw,21,-4.505160764023682,-7.650428428796076,1.0,1.0734052424057536,-0.2656493161455564,-0.013352273746759201,6.635311488379465e-05,1.0445062871761506,300
grw,22,-4.649268053421451,-4.880936363209309,1.0,3.0856574292914667,0.47387328216788305,-0.01913275219702305,-0.0005944848220745287,1.0467252890151175,282
grw,23,-2.7481823357954185,-2.3807556540240657,1.0,1.1596949087212312,0.04016087610411412,-0.016932315994127967,0.0004557622173969325,3.255891726836763,360
grw,24,-2.4440970510342512,-2.7130661814288723,1.0,2.331145788484045,0.9703080940892794,-0.01162893023744017,-0.0032443213983735807,1.3152472658971608,298
grw,25,-3.3767096002984576,-5.660845286188968,1.0,2.069563957679298,0.28455394644522025,-0.013940180048318396,0.0009212503318804243,1.9356720698192202,366
grw,26,-5.613148996537137,-2.094056207410648,1.0,0.5942767105279325,0.7189441874846767,-0.009001097618357162,0.0013578497920334752,1.2964840748286197,408
grw,27,-4.135598218464601,-6.972059021729724,1.0,2.440225975804424,0.5916548252900826,-0.01680701854859241,0.0003103060880027156,1.0585248020235416,337
grw,28,-3.324782335633929,-5.9139217559823045,1.0,1.7161006019947322,-0.6421581796530251,-0.01447851957410357,0.0013423233774997986,2.755022642728728,402
grw,29,-3.452776759631433,-3.9347182764082076,1.0,2.7820056335537577,-0.3197332606308996,-0.01768047323957173,-0.0010004112683415468,1.1438270238702024,315
grw,30,-3.9388293222652555,-6.782169868048206,1.0,3.33916168297582,0.985591479625747,-0.014715427388799687,-0.00027842138753058385,1.0340619336080337,289
grw,31,-3.1511127743031926,-7.112926678370213,1.0,1.5723702918114326,-0.026448682846495153,-0.01535235972879163,0.0003056433099085687,2.153610124865197,363
grw,32,-4.2000531331201,-3.0878360192277334,1.0,1.7669916674638952,0.5777096351661708,-0.014362228713701651,-0.0005077212710401057,1.0690798695679093,330
grw,33,-4.761907289009088,-3.7513041754673004,1.0,1.10005631594482,0.8165535456591151,-0.02064339560088695,-0.0003461952483242113,1.0483095881956614,317
grw,34,-4.103848452815098,-3.7534419925724,1.0,0.8421122785753692,-0.0669317258858595,-0.013924017796200753,-0.001271734207221991,1.0372875323303328,301
grw,35,-4.453129663693852,-2.8065899511390375,1.0,0.7693071128027922,-0.4155029906310743,-0.011399355556126343,-0.0012173544001392264,1.0584788759402977,315
grw,36,-3.0137153361333175,-2.9004090357526193,1.0,2.242081975899743,-0.10495822838446722,-0.01933388866552855,-0.0035052725592519293,1.0682219777401234,288
grw,37,-2.1462626812349064,-6.760623278589602,1.0,0.5857757021168093,0.674967345816061,-0.01312618465278007,0.0008161643475586531,1.34982135452578,361
grw,38,-3.528680715783101,-6.6277053828391965,1.0,1.8100319330718833,-0.8681032925797623,-0.01541184673368155,-0.00036858317925103217,1.0864550264582455,289
grw,39,-3.7694647516962063,-2.0655799928953895,1.0,3.826680302817498,-0.2554177518887675,-0.012606755211359816,0.0017592265016750008,2.434895324265306,389
grw,40,-5.767490574850028,-5.378121132805711,1.0,2.860028850010538,0.7720917593045202,-0.010416356437333003,0.0007792165501482471,1.057495136140708,387
grw,41,-5.594797564540704,-7.342061938552662,1.0,3.964674268336365,-0.7248593989016221,-0.009857351917544966,0.0005361055142776208,1.1130339117804189,396
grw,42,-3.7040861387430457,-2.2403894637454975,1.0,0.9913078533683394,-0.9909229875036318,-0.014316818534845677,-0.0001194787486425478,1.2949918683057633,353
grw,43,-4.305570039272583,-5.996416063697008,1.0,0.8498416944011973,-0.38039101778444184,-0.01515326198603507,-0.0003386379400151406,1.0410878879338374,299
grw,44,-2.7399782562791346,-6.873439980493088,1.0,3.921068517612398,0.07602304554941841,-0.016913455420633706,0.00019203237084469633,1.2232551438388608,342
grw,45,-3.5678235499809463,-6.558779423481327,1.0,1.476234518567548,-0.7123359242830316,-0.01653773187261764,0.0009264373217401658,2.115028091953985,383
grw,46,-4.8572170027672215,-7.607665938247244,1.0,2.1243860516069923,-0.5794743448363533,-0.015958017442420307,0.0002037721521374726,1.0524539695790627,341
grw,47,-5.893569441898835,-3.9340199450781626,1.0,3.065648374816206,0.6392586701504315,-0.013988848138462623,0.00010630939003672234,1.0581658155327656,349
grw,48,-4.030710024977075,-7.322039071929021,1.0,3.53848709841429,0.380398762722457,-0.014954496047994032,0.0006462475224367786,1.317487543143409,353
grw,49,-3.142558414428998,-4.569011157735219,1.0,0.6427177750437323,0.835126236666587,-0.014911530622153087,-0.0003904626507577321,1.5986589983337158,320
grw,50,-4.769655123473019,-4.413392300775429,1.0,1.4136722989314385,0.946533561859978,-0.013647057765329882,0.0005947660287807467,1.0484145228497326,369
grw,51,-3.924232410045873,-7.952167476531109,1.0,3.8557337137722465,-0.9566995454105489,-0.012610979253673129,0.0007249939438042666,1.4302424727444967,386
grw,52,-4.592539236563257,-6.214629391553155,1.0,3.417002739743702,0.9328149987116467,-0.01422304047064523,0.0011321421635262958,1.2133038070512283,406
grw,53,-4.486338944781826,-4.1235882018524785,1.0,3.282418171875932,-0.8925031966285186,-0.01351922485860547,-0.00023372877722915568,1.0441985150307913,328
grw,54,-2.7139643948786207,-6.650515189701865,1.0,1.0901846911532629,0.7357312795149284,-0.016649756330676963,6.80411705058432e-05,1.3487680694230122,330
grw,55,-4.448275924527197,-4.300378246125133,1.0,0.716811820089382,0.998883435222383,-0.014004712021686759,-0.0005128773124568961,1.0435695326612326,312
grw,56,-3.5631727223792575,-7.916957123464021,1.0,0.5564873749016165,0.10394038216183632,-0.012070917900557155,0.0010641460098298064,2.285483307759482,400
grw,57,-4.150307928299886,-7.441808226709985,1.0,1.6350287457310135,-0.7389849242143425,-0.014851126646436338,0.000808712235707666,1.5600972308154728,376
grw,58,-4.9097576482302205,-3.2743356112251334,1.0,1.9343716351890354,0.4470096948958169,-0.014312943788392459,-0.0007878436684999086,1.0501947375688128,310
grw,59,-3.5132479590606813,-5.876744881335818,1.0,3.621277845356757,0.10743567997481773,-0.014865128348715347,-0.0006282299594759505,1.0713896132112626,291
grw,60,-2.0470877073344718,-4.616640313856836,1.0,2.148820844630291,-0.9139896126327016,-0.014360456173692894,-0.0004039597569076432,1.8537824350536691,324
grw,61,-5.178307374724696,-6.435040523549127,1.0,2.230766709634237,-0.8920198261580803,-0.01659221980253175,-0.00011280395777350638,1.053092118440027,284
grw,62,-4.289722630878712,-3.3596233775650157,1.0,3.01466562819223,0.48910720607435665,-0.013258117503785468,-0.0012024417685517984,1.0524050654056263,307
grw,63,-4.499026633509422,-4.33617668148582,1.0,2.5622947630728183,-0.3324796547243518,-0.02325682194621136,-0.0005213629802311582,1.0444054222401111,306
grw,64,-2.9727348874308688,-2.3096750858170036,1.0,3.9195924798572137,0.3968913287738718,-0.01212470420571345,-0.003387577187625607,1.2129575294269839,313
grw,65,-5.668170763764762,-3.244020916034385,1.0,3.739251896969302,-0.21196404094592736,-0.011636635332750998,-0.00044429395799068223,1.0569079709400508,300
grw,66,-5.9775509785728715,-7.281458204453416,1.0,1.2811956178328305,0.6037280261180991,-0.016327302492877446,5.170060825841205e-05,1.0585704827290383,284
grw,67,-5.961565370020871,-4.514866648994899,1.0,0.9872032065157315,-0.5391615747439886,-0.016315696913478436,9.40318763364272e-05,1.0584958871429335,295
grw,68,-2.368022090956732,-6.1627947770995695,1.0,2.1457256089122665,0.6102426968528136,-0.015488515928286732,0.0006159132868245857,2.9956959960348626,379
grw,69,-4.380513965595499,-5.195543883487054,1.0,2.5551615310104405,0.3627370098865448,-0.0189148208656981,0.0008105277744067646,1.1171737552765986,371
grw,70,-5.536677867756756,-5.5444760195632234,1.0,3.998214931306304,-0.8804981351798398,-0.009946673642750276,0.0005745236466014614,1.056043471113789,395
grw,71,-5.61484696033728,-5.894018884991481,1.0,3.8245034583054203,-0.5097289365387887,-0.009293798292221097,0.0006568315292593206,1.0565701081342889,401
grw,72,-2.1375075297082407,-7.758464039984268,1.0,2.805406035691545,-0.722974158180022,-0.015509054519940734,0.0016324849354813211,1.5977576592017706,393
grw,73,-5.43155003933931,-2.689048495592724,1.0,2.6746959880658365,0.15734395434854687,-0.01036757784996874,0.0006639673985835143,1.116383893593429,368
grw,74,-4.471353744361476,-2.6186114753008285,1.0,2.0323856701770957,0.9553255121116289,-0.013760007171143413,0.001852451854358986,1.396182420811689,400
grw,75,-4.658402802787889,-7.222517633906392,1.0,3.4075478666736694,-0.9718841453239309,-0.013976462301434272,0.000499071333371654,1.4582524189270378,366
grw,76,-4.831010564100927,-2.9250676750706415,1.0,2.129540382135026,-0.054634789616297086,-0.013207664123124067,-0.0009964545956560277,1.0582792742955351,302
grw,77,-3.677751259589714,-7.789604686397084,1.0,2.484313401862783,0.3015764020298224,-0.017449166984525668,0.0008262916078987287,1.2736858817702912,392
grw,78,-4.453615619793397,-5.132143424282987,1.0,3.6388810059446888,-0.10280370200720834,-0.01734344823785117,-0.00019842031693521948,1.0957069995072874,322
grw,79,-2.9162345652580974,-6.504588104225946,1.0,1.4302670098702022,0.37585810325949187,-0.016548882740079922,0.0002006937378002271,1.6330215386362452,344
grw,80,-5.819340626643349,-4.0882157264212715,1.0,1.9315243078768858,0.09286871584846912,-0.01400436722506569,1.328840769862789e-05,1.0577805512778204,301
grw,81,-5.1527412570876585,-6.6650509907013635,1.0,2.7697810316987033,0.1190550035147282,-0.01290126803476995,0.0007676625203948963,1.0528438268107252,376
grw,82,-4.181178840156882,-5.530073322441348,1.0,3.255031270875793,0.6631844586942066,-0.01598862414580598,-0.00045953059090681457,1.038780749846626,293
grw,83,-3.75582183591206,-3.3967906463647566,1.0,1.3275648008297072,-0.06649289773331546,-0.01276710031018842,0.001186062304633571,1.901296574449967,391
grw,84,-4.415243823953469,-2.621625106948997,1.0,2.8227787422014483,0.01639704014010679,-0.011305733214764939,-0.0004839529426060976,1.1022747425240738,348
grw,85,-4.441798310097802,-4.522964033612572,1.0,1.7080305697397744,0.5688541172912471,-0.012532758887132798,0.0010907299290931999,1.4256941198005226,403
grw,86,-2.2917574914679064,-4.680758669371663,1.0,1.917518997469445,-0.49761152520391305,-0.02607062757734462,-0.0006241086734018842,1.5967333170156357,325
grw,87,-3.926539705462415,-7.3029893009876234,1.0,1.68922179921053,0.5690040677966552,-0.011244965679423435,0.0017262472737932355,1.936059669918325,420
grw,88,-3.348335173426918,-4.398465127416964,1.0,1.5616608801750655,0.7670421239443064,-0.015427496512948715,-0.00029211092469180896,1.5415505376587921,332
grw,89,-2.105931671829198,-6.677090304371057,1.0,2.656980039827796,-0.8818990153924309,-0.013221169824684067,0.003184881867862226,2.6327575217131973,418
grw,90,-4.41344340312164,-5.958937173259566,1.0,1.925085072481775,0.6775866023921884,-0.018832250962964207,1.5355573091723828e-05,1.1891260755868993,337
grw,91,-4.797835592841792,-5.542957191147912,1.0,2.8127682946483996,0.5616170236951656,-0.015337421414570925,0.00015994061509639923,1.0487890402211255,337
grw,92,-4.947186807216832,-5.451367583480407,1.0,3.5360878984249733,0.5275437824701033,-0.018851138957456718,0.00027215216907358614,1.0506394076234349,347
grw,93,-2.214055243566633,-5.582833404689525,1.0,3.4828465244892266,-0.6640817842324152,-0.01963977376902396,0.0015119424970181975,2.563262516448631,397
grw,94,-5.2220117941347395,-6.66464897365933,1.0,1.2031956634265908,0.9071990158834036,-0.014422151358504125,0.0005284372472260285,1.0535040771768323,385
grw,95,-5.866589899754434,-7.624222343758399,1.0,2.7225806593846187,-0.5851632634487962,-0.012084282271218598,0.00048719144538011445,1.058028971783517,368
grw,96,-3.155161505271389,-3.114310934821563,1.0,0.7288752179503365,0.5226488395359619,-0.011353525315898855,-9.312591253218393e-05,1.3814854579044347,351
grw,97,-2.9216067673425847,-6.769138652213405,1.0,3.160802270336384,0.42690659732889524,-0.0171177228056094,-0.00010628131646980804,1.0570247701743416,310
grw,98,-5.986074194909419,-7.182081889492444,1.0,0.5194597885989276,-0.9983344964992857,-0.008608378792722006,0.0003986469638347391,1.058609774687876,389
grw,99,-2.257548036791179,-2.352377604748506,1.0,3.1325868196551814,0.32100058321669644,-0.014728413101071048,0.0043957515940078054,2.5931959696127915,379
oddball,0,-4.134129159289461,-3.075193394602443,1.0,0.8275056996784209,0.31636407076699924,-0.016315026459491032,-0.0022208675690012806,1.0450948891712866,285
oddball,1,-5.071454471282259,-2.130044098353858,1.0,2.155890406252504,0.36723336017940045,-0.019538611921964277,-0.0020826625951583483,1.105111956094701,289
oddball,2,-4.462026467987239,-7.563197369527308,1.0,3.4577504820846183,-0.8573104782662448,-0.012023161390060806,0.0002349671640428522,1.0438004260278901,310
oddball,3,-2.3218270816503175,-3.5280451488137325,1.0,1.9403462956000415,-0.1153975677153185,-0.014067231288563685,-0.0014591099881866396,1.3109880393812028,319
oddball,4,-5.466378823776983,-7.667494641622135,1.0,3.364391670701065,-0.9045953967966018,-0.01340710712221043,0.00044064054491810983,1.0555367092283559,296
oddball,5,-5.90296614137309,-2.9480941067283988,1.0,1.0913667189847542,-0.9652618690155708,-0.010151582604341602,0.00037487493395453906,1.0582125599265486,324
oddball,6,-4.2344310817337565,-5.915790902729989,1.0,3.9800794714606003,0.27327748517147765,-0.016674900995639425,-0.0003937558738955804,1.039782900209616,288
oddball,7,-4.162700618136258,-7.926516240975703,1.0,2.3813229130739986,0.2692473809193996,-0.01212797501571954,0.00013683550358373455,1.038430214156362,329
oddball,8,-4.2704552832030345,-6.760107338246,1.0,3.4109670326858805,-0.5013955978946203,-0.01726184681654921,-0.0003053529987036367,1.040449216082557,283
oddball,9,-3.9013284348491024,-7.561982049193144,1.0,2.9444837292196056,0.5040707258812684,-0.015377405191097381,-0.0001219035151621455,1.0333281405814925,289
oddball,10,-5.377866022281259,-4.427315401271388,1.0,0.5090691949693387,0.39805864920836687,-0.011518067498302644,0.0010287014138637366,1.0548508638458547,390
oddball,11,-3.8105693071444926,-7.37600871323373,1.0,3.582793946068584,-0.3445075254904848,-0.01220157435710447,-2.8062057293263433e-05,1.072330097923607,310
oddball,12,-2.561611154827091,-3.4720362760862677,1.0,1.1542729751733911,0.15430779411925433,-0.011797982047266972,-0.0016179717421108634,1.295183342821203,318
oddball,13,-4.3833091822669825,-3.361105022844475,1.0,2.5000804157924352,0.9248391509713607,-0.015307503331916493,-0.0011671545444850088,1.0467369385796597,310
oddball,14,-4.042670701419645,-2.1430395889038785,1.0,1.0488806446245718,0.5454900281274839,-0.010950371949766568,-0.002057035598560838,1.0867340668091297,291
oddball,15,-2.1544070550767906,-2.6736029089175375,1.0,1.384850801137437,0.5677423362333835,-0.013233964608625828,-0.0010908138358003048,1.6512727415236157,336
oddball,16,-2.9256494296614224,-2.2949077659854584,1.0,2.2032700373081227,-0.3327851203219412,-0.02236782323679291,-0.0032509831622762023,1.2246593255826996,314
oddball,17,-3.7263038097268906,-2.3357203180004777,1.0,3.394260558381219,0.7415489603851653,-0.01212140714661654,-0.002564649205229504,1.118677687070332,312
oddball,18,-4.266123254420695,-2.518815899313667,1.0,1.5690765635169917,-0.6404798522526638,-0.012892087781551282,-0.0025648806392149785,1.064087274252208,287
oddball,19,-5.647627271796555,-2.2070841821024008,1.0,0.6346230072681917,0.5546557781654793,-0.010058820943561076,-0.0010984721306245547,1.0649492009041521,297
oddball,20,-5.1354464412324115,-3.104460839404032,1.0,3.5106091458285444,0.7985325465015976,-0.01204406137368133,-0.0004483299750537177,1.0526716921377126,311
oddball,21,-4.505160764023682,-7.650428428796076,1.0,1.0734052424057536,-0.2656493161455564,-0.012175087863570392,0.00019743229690940642,1.0445062871761506,300
oddball,22,-4.649268053421451,-4.880936363209309,1.0,3.0856574292914667,0.47387328216788305,-0.013826944175673164,-0.00041619370704213635,1.0467252890151177,286
oddball,23,-2.7481823357954185,-2.3807556540240657,1.0,1.1596949087212312,0.04016087610411412,-0.013256979536877492,-0.003729880269354818,1.2210662100989216,303
oddball,24,-2.4440970510342512,-2.7130661814288723,1.0,2.331145788484045,0.9703080940892794,-0.011368246733598814,-0.0029136714916847147,1.4331800305750089,308
oddball,25,-3.3767096002984576,-5.660845286188968,1.0,2.069563957679298,0.28455394644522025,-0.015473165346880565,-0.0007769627526564428,1.0325582813142435,283
oddball,26,-5.613148996537137,-2.094056207410648,1.0,0.5942767105279325,0.7189441874846767,-0.013662940218648466,-0.0004393699003691377,1.134352949020459,303
oddball,27,-4.135598218464601,-6.972059021729724,1.0,2.440225975804424,0.5916548252900826,-0.014909360937048755,-0.00023538858071266505,1.0379102628659367,292
oddball,28,-3.324782335633929,-5.9139217559823045,1.0,1.7161006019947322,-0.6421581796530251,-0.015599860398180525,-0.00043896051245433934,1.1360613867869607,308
oddball,29,-3.452776759631433,-3.9347182764082076,1.0,2.7820056335537577,-0.3197332606308996,-0.012362012113293757,-0.0011721693962923265,1.106906728810154,312
oddball,30,-3.9388293222652555,-6.782169868048206,1.0,3.33916168297582,0.985591479625747,-0.01473629353270921,-0.0003276942337079095,1.0340619336080337,284
oddball,31,-3.1511127743031926,-7.112926678370213,1.0,1.5723702918114326,-0.026448682846495153,-0.013009327748882157,-5.59781631039488e-05,1.114419164682336,304
oddball,32,-4.2000531331201,-3.0878360192277334,1.0,1.7669916674638952,0.5777096351661708,-0.012025924259636205,-0.0013046573808712114,1.0502009807997874,310
oddball,33,-4.761907289009088,-3.7513041754673004,1.0,1.10005631594482,0.8165535456591151,-0.015528188027559836,-0.0009097660024106806,1.0483095881956614,287
oddball,34,-4.103848452815098,-3.7534419925724,1.0,0.8421122785753692,-0.0669317258858595,-0.017309524944989222,-0.0010977731011505086,1.0372875323303328,312
oddball,35,-4.453129663693852,-2.8065899511390375,1.0,0.7693071128027922,-0.4155029906310743,-0.011252568125819623,-0.0008387665119747125,1.0656474833371956,320
oddball,36,-3.0137153361333175,-2.9004090357526193,1.0,2.242081975899743,-0.10495822838446722,-0.014301545993143136,-0.0032305908003849113,1.2110524828738602,293
oddball,37,-2.1462626812349064,-6.760623278589602,1.0,0.5857757021168093,0.674967345816061,-0.014463411654512098,0.0008829337204114517,1.459360834067444,374
oddball,38,-3.528680715783101,-6.6277053828391965,1.0,1.8100319330718833,-0.8681032925797623,-0.017366896544317858,-0.0003062681498027268,1.211153012435865,297
oddball,39,-3.7694647516962063,-2.0655799928953895,1.0,3.826680302817498,-0.2554177518887675,-0.010002809653655418,-0.0022320885057346552,1.143889490550102,319
oddball,40,-5.767490574850028,-5.378121132805711,1.0,2.860028850010538,0.7720917593045202,-0.01405036811182679,-4.5614247189164266e-05,1.057495136140708,297
oddball,41,-5.594797564540704,-7.342061938552662,1.0,3.964674268336365,-0.7248593989016221,-0.013096581454388998,0.0005611391494493344,1.0564386346274628,311
oddball,42,-3.7040861387430457,-2.2403894637454975,1.0,0.9913078533683394,-0.9909229875036318,-0.011804004962484146,-0.004003310151159076,1.1047347258862745,288
oddball,43,-4.305570039272583,-5.996416063697008,1.0,0.8498416944011973,-0.38039101778444184,-0.014202336727310068,1.9642892845252748e-05,1.0410878879338374,324
oddball,44,-2.7399782562791346,-6.873439980493088,1.0,3.921068517612398,0.07602304554941841,-0.01404129520588326,0.0002007801460722908,1.3431022276672993,329
oddball,45,-3.5678235499809463,-6.558779423481327,1.0,1.476234518567548,-0.7123359242830316,-0.017334553451780383,-0.00039135002687153836,1.0464201626260439,290
oddball,46,-4.8572170027672215,-7.607665938247244,1.0,2.1243860516069923,-0.5794743448363533,-0.013103645844981988,0.00011531465178310827,1.049551189047216,298
oddball,47,-5.893569441898835,-3.9340199450781626,1.0,3.065648374816206,0.6392586701504315,-0.01350647050938756,-0.0002776772466486394,1.0581658155327656,286
oddball,48,-4.030710024977075,-7.322039071929021,1.0,3.53848709841429,0.380398762722457,-0.012326052894055568,-5.516183315451548e-05,1.0358685471481406,296
oddball,49,-3.142558414428998,-4.569011157735219,1.0,0.6427177750437323,0.835126236666587,-0.017111959281502623,-0.000990762358281285,1.07023302082731,301
oddball,50,-4.769655123473019,-4.413392300775429,1.0,1.4136722989314385,0.946533561859978,-0.014026296898609276,-0.0003695360349714042,1.0484145228497328,305
oddball,51,-3.924232410045873,-7.952167476531109,1.0,3.8557337137722465,-0.9566995454105489,-0.011876502683648713,0.00012642993844892863,1.0337764017306423,324
oddball,52,-4.592539236563257,-6.214629391553155,1.0,3.417002739743702,0.9328149987116467,-0.014904096748254039,-0.00020483734978521425,1.0458776616325196,286
oddball,53,-4.486338944781826,-4.1235882018524785,1.0,3.282418171875932,-0.8925031966285186,-0.02294536680745579,-0.0006969146433456858,1.0441985150307913,307
oddball,54,-2.7139643948786207,-6.650515189701865,1.0,1.0901846911532629,0.7357312795149284,-0.014614879309849359,0.0004896269696250728,1.7320139499370117,372
oddball,55,-4.448275924527197,-4.300378246125133,1.0,0.716811820089382,0.998883435222383,-0.012888306177176243,-0.0005326059250080951,1.0435695326612326,301
oddball,56,-3.5631727223792575,-7.916957123464021,1.0,0.5564873749016165,0.10394038216183632,-0.015709864284373307,0.00011924569718404093,1.057000312060322,336
oddball,57,-4.150307928299886,-7.441808226709985,1.0,1.6350287457310135,-0.7389849242143425,-0.014407968037145993,7.882725550325523e-05,1.092357668771644,322
oddball,58,-4.9097576482302205,-3.2743356112251334,1.0,1.9343716351890354,0.4470096948958169,-0.013884282834942405,-0.0007933289223822985,1.0501947375688128,298
oddball,59,-3.5132479590606813,-5.876744881335818,1.0,3.621277845356757,0.10743567997481773,-0.0196487444999914,-0.0005769531546374856,1.032091226468411,295
oddball,60,-2.0470877073344718,-4.616640313856836,1.0,2.148820844630291,-0.9139896126327016,-0.012443647621283494,-0.0003808737769299731,1.3646757031278824,339
oddball,61,-5.178307374724696,-6.435040523549127,1.0,2.230766709634237,-0.8920198261580803,-0.012814987917526891,0.0008196238277252445,1.053092118440027,369
oddball,62,-4.289722630878712,-3.3596233775650157,1.0,3.01466562819223,0.48910720607435665,-0.012970763472358166,-0.0017625634305541104,1.0407937402932566,288
oddball,63,-4.499026633509422,-4.33617668148582,1.0,2.5622947630728183,-0.3324796547243518,-0.013236103768662816,-0.0002994520108977303,1.0444054222401111,334
oddball,64,-2.9727348874308688,-2.3096750858170036,1.0,3.9195924798572137,0.3968913287738718,-0.010907472738495853,-0.0034922423121499374,1.3788286987314955,305
oddball,65,-5.668170763764762,-3.244020916034385,1.0,3.739251896969302,-0.21196404094592736,-0.011241155513758264,1.636208688890433e-05,1.0569079709400508,307
oddball,66,-5.9775509785728715,-7.281458204453416,1.0,1.2811956178328305,0.6037280261180991,-0.011467797013949297,0.0007737059248764055,1.058570482729038,335
oddball,67,-5.961565370020871,-4.514866648994899,1.0,0.9872032065157315,-0.5391615747439886,-0.012203031999196859,0.00021436554367756062,1.0584958871429335,311
oddball,68,-2.368022090956732,-6.1627947770995695,1.0,2.1457256089122665,0.6102426968528136,-0.01698222731209083,0.00010887098538056921,1.2664182196758813,342
oddball,69,-4.380513965595499,-5.195543883487054,1.0,2.5551615310104405,0.3627370098865448,-0.016507243509911042,-0.00033041435789921467,1.0424152261201227,308
oddball,70,-5.536677867756756,-5.5444760195632234,1.0,3.998214931306304,-0.8804981351798398,-0.013450202369507912,0.0001596758010916743,1.056043471113789,296
oddball,71,-5.61484696033728,-5.894018884991481,1.0,3.8245034583054203,-0.5097289365387887,-0.012594541290511888,0.0007130198675845423,1.0565701081342889,326
oddball,72,-2.1375075297082407,-7.758464039984268,1.0,2.805406035691545,-0.722974158180022,-0.012317115848209114,0.0015413761437416602,1.340960499840933,391
oddball,73,-5.43155003933931,-2.689048495592724,1.0,2.6746959880658365,0.15734395434854687,-0.010460264487357318,-0.00025777657781632477,1.063655821377939,312
oddball,74,-4.471353744361476,-2.6186114753008285,1.0,2.0323856701770957,0.9553255121116289,-0.01153272234643322,-0.0011640874765817425,1.0816178954313775,300
oddball,75,-4.658402802787889,-7.222517633906392,1.0,3.4075478666736694,-0.9718841453239309,-0.012682661119676716,7.135403596194467e-05,1.0468593282036938,306
oddball,76,-4.831010564100927,-2.9250676750706415,1.0,2.129540382135026,-0.054634789616297086,-0.011004708080396641,-0.0008002580818303906,1.0621427991964867,316
oddball,77,-3.677751259589714,-7.789604686397084,1.0,2.484313401862783,0.3015764020298224,-0.013068855973047092,1.1618513046076112e-05,1.0471110861736201,313
oddball,78,-4.453615619793397,-5.132143424282987,1.0,3.6388810059446888,-0.10280370200720834,-0.012466571939839143,0.00012747157834745132,1.0436597806801549,329
oddball,79,-2.9162345652580974,-6.504588104225946,1.0,1.4302670098702022,0.37585810325949187,-0.014654747828562128,-0.00019008017721426312,1.167436105403357,315
oddball,80,-5.819340626643349,-4.0882157264212715,1.0,1.9315243078768858,0.09286871584846912,-0.011983690577047533,0.00013510593154457968,1.0577805512778204,311
oddball,81,-5.1527412570876585,-6.6650509907013635,1.0,2.7697810316987033,0.1190550035147282,-0.013424443496979686,0.00019878542517154333,1.0528438268107252,299
oddball,82,-4.181178840156882,-5.530073322441348,1.0,3.255031270875793,0.6631844586942066,-0.014122320129643843,-0.00029266069318901626,1.038780749846626,309
oddball,83,-3.75582183591206,-3.3967906463647566,1.0,1.3275648008297072,-0.06649289773331546,-0.012003280497153752,-0.0016949268122877813,1.0570196208326075,301
oddball,84,-4.415243823953469,-2.621625106948997,1.0,2.8227787422014483,0.01639704014010679,-0.010457457249691247,-0.0008449130490443487,1.0752739612521587,305
oddball,85,-4.441798310097802,-4.522964033612572,1.0,1.7080305697397744,0.5688541172912471,-0.013091480104073436,0.00021141008250228475,1.0434613831099204,335
oddball,86,-2.2917574914679064,-4.680758669371663,1.0,1.917518997469445,-0.49761152520391305,-0.015698514578105678,-0.0006364911033398735,1.4477194237646602,331
oddball,87,-3.926539705462415,-7.3029893009876234,1.0,1.68922179921053,0.5690040677966552,-0.012995154781878534,-0.00017886611196339327,1.0338212865067742,290
oddball,88,-3.348335173426918,-4.398465127416964,1.0,1.5616608801750655,0.7670421239443064,-0.013211924463639104,-0.0009754902489644485,1.1004197461097935,308
oddball,89,-2.105931671829198,-6.677090304371057,1.0,2.656980039827796,-0.8818990153924309,-0.01836485213614225,0.0008831387971383176,1.3760054406576356,371
oddball,90,-4.41344340312164,-5.958937173259566,1.0,1.925085072481775,0.6775866023921884,-0.013311470010009749,-0.00010194745776690871,1.0429827990153628,323
oddball,91,-4.797835592841792,-5.542957191147912,1.0,2.8127682946483996,0.5616170236951656,-0.013793435757191988,-5.176748784963232e-05,1.0487890402211255,333
oddball,92,-4.947186807216832,-5.451367583480407,1.0,3.5360878984249733,0.5275437824701033,-0.014742718849688492,5.563460683691713e-05,1.0506394076234349,325
oddball,93,-2.214055243566633,-5.582833404689525,1.0,3.4828465244892266,-0.6640817842324152,-0.014043655789684506,0.00018279955215934473,1.977951001200414,364
oddball,94,-5.2220117941347395,-6.66464897365933,1.0,1.2031956634265908,0.9071990158834036,-0.01863093592421939,-8.80096248173786e-05,1.0535040771768323,284
oddball,95,-5.866589899754434,-7.624222343758399,1.0,2.7225806593846187,-0.5851632634487962,-0.014888599267964295,0.0002833805401636512,1.058028971783517,298
oddball,96,-3.155161505271389,-3.114310934821563,1.0,0.7288752179503365,0.5226488395359619,-0.014245248832863476,-0.002250215113209255,1.0937882446018878,303
oddball,97,-2.9216067673425847,-6.769138652213405,1.0,3.160802270336384,0.42690659732889524,-0.020528162516371965,-8.704263900638307e-05,1.118789679622211,318
oddball,98,-5.986074194909419,-7.182081889492444,1.0,0.5194597885989276,-0.9983344964992857,-0.012788197088395337,0.0008515879336452978,1.0586097746878762,308
oddball,99,-2.257548036791179,-2.352377604748506,1.0,3.1325868196551814,0.32100058321669644,-0.01627153170163986,-0.0019504105952259777,1.64913662390018,333
reversal,0,-4.134129159289461,-3.075193394602443,1.0,0.8275056996784209,0.31636407076699924,-0.015028013129750556,-0.00196700897710536,1.0381154847657847,285
reversal,1,-5.071454471282259,-2.130044098353858,1.0,2.155890406252504,0.36723336017940045,-0.012402341597232098,-0.002558269221996091,1.0672563556764028,286
reversal,2,-4.462026467987239,-7.563197369527308,1.0,3.4577504820846183,-0.8573104782662448,-0.017584453571757756,-0.00010184414985918703,1.0438004260278901,285
reversal,3,-2.3218270816503175,-3.5280451488137325,1.0,1.9403462956000415,-0.1153975677153185,-0.01126235885531514,-0.001105910229477642,1.5848099525219945,333
reversal,4,-5.466378823776983,-7.667494641622135,1.0,3.364391670701065,-0.9045953967966018,-0.013885465539725875,0.0002536076667050936,1.0555367092283559,300
reversal,5,-5.90296614137309,-2.9480941067283988,1.0,1.0913667189847542,-0.9652618690155708,-0.010183108707279759,3.763507503132654e-05,1.0582125599265486,317
reversal,6,-4.2344310817337565,-5.915790902729989,1.0,3.9800794714606003,0.27327748517147765,-0.01649048462503594,-0.0003919152075430624,1.039782900209616,287
reversal,7,-4.162700618136258,-7.926516240975703,1.0,2.3813229130739986,0.2692473809193996,-0.014304596608013843,-7.89539772061739e-05,1.038430214156362,287
reversal,8,-4.2704552832030345,-6.760107338246,1.0,3.4109670326858805,-0.5013955978946203,-0.019650332565677373,-0.00030886690891198266,1.0404492160825567,284
reversal,9,-3.9013284348491024,-7.561982049193144,1.0,2.9444837292196056,0.5040707258812684,-0.012876459281351137,-0.00011280928031041841,1.0333281405814927,284
reversal,10,-5.377866022281259,-4.427315401271388,1.0,0.5090691949693387,0.39805864920836687,-0.012544730624494746,0.00015274202224946533,1.0548508638458547,307
reversal,11,-3.8105693071444926,-7.37600871323373,1.0,3.582793946068584,-0.3445075254904848,-0.013211633864195469,-0.0002051176822030229,1.031577186793312,286
reversal,12,-2.561611154827091,-3.4720362760862677,1.0,1.1542729751733911,0.15430779411925433,-0.011047289129367827,-0.0017834455660297142,1.3336766668600404,309
reversal,13,-4.3833091822669825,-3.361105022844475,1.0,2.5000804157924352,0.9248391509713607,-0.012861849833213717,-0.001389505596685065,1.0424589772692443,297
reversal,14,-4.042670701419645,-2.1430395889038785,1.0,1.0488806446245718,0.5454900281274839,-0.01828573151219732,-0.003997616467194148,1.1305719364089146,296
reversal,15,-2.1544070550767906,-2.6736029089175375,1.0,1.384850801137437,0.5677423362333835,-0.009720824525080501,-0.0005962921916088615,1.6872779636619017,347
reversal,16,-2.9256494296614224,-2.2949077659854584,1.0,2.2032700373081227,-0.3327851203219412,-0.01501510856366579,-0.0027834970348776253,1.253503629627261,321
reversal,17,-3.7263038097268906,-2.3357203180004777,1.0,3.394260558381219,0.7415489603851653,-0.010805045374405919,-0.003281759412614132,1.1031626032475177,307
reversal,18,-4.266123254420695,-2.518815899313667,1.0,1.5690765635169917,-0.6404798522526638,-0.011374150585349983,-0.0025334153547551426,1.076866261868888,293
reversal,19,-5.647627271796555,-2.2070841821024008,1.0,0.6346230072681917,0.5546557781654793,-0.01176996345633059,-0.0017419554113500216,1.0567791545633132,289
reversal,20,-5.1354464412324115,-3.104460839404032,1.0,3.5106091458285444,0.7985325465015976,-0.010985692851741754,-0.000694748571558287,1.0526716921377126,300
reversal,21,-4.505160764023682,-7.650428428796076,1.0,1.0734052424057536,-0.2656493161455564,-0.01466439917767357,-8.382301571144084e-05,1.0445062871761506,302
reversal,22,-4.649268053421451,-4.880936363209309,1.0,3.0856574292914667,0.47387328216788305,-0.012178607833155438,2.076359297449758e-05,1.0467252890151177,314
reversal,23,-2.7481823357954185,-2.3807556540240657,1.0,1.1596949087212312,0.04016087610411412,-0.010793570756162768,-0.003332741560351057,1.3663346007034685,310
reversal,24,-2.4440970510342512,-2.7130661814288723,1.0,2.331145788484045,0.9703080940892794,-0.011513466719069776,-0.0022498640644600504,1.664686135881177,320
reversal,25,-3.3767096002984576,-5.660845286188968,1.0,2.069563957679298,0.28455394644522025,-0.013628282003859828,-0.0005219918970359355,1.1902982465693999,305
reversal,26,-5.613148996537137,-2.094056207410648,1.0,0.5942767105279325,0.7189441874846767,-0.011230485293289056,-0.0017275846297503332,1.061520675157687,290
reversal,27,-4.135598218464601,-6.972059021729724,1.0,2.440225975804424,0.5916548252900826,-0.013787599366283381,-0.0002150471462691818,1.0379102628659367,284
reversal,28,-3.324782335633929,-5.9139217559823045,1.0,1.7161006019947322,-0.6421581796530251,-0.013064196069008,-0.00040682959702269565,1.069487471219267,315
reversal,29,-3.452776759631433,-3.9347182764082076,1.0,2.7820056335537577,-0.3197332606308996,-0.013826984452208738,-0.001811650181332101,1.0268809389347198,282
reversal,30,-3.9388293222652555,-6.782169868048206,1.0,3.33916168297582,0.985591479625747,-0.017760112847205477,-0.00028743439321403857,1.0340619336080337,295
reversal,31,-3.1511127743031926,-7.112926678370213,1.0,1.5723702918114326,-0.026448682846495153,-0.015596150212023582,-5.580788851334689e-05,1.047605134355993,319
reversal,32,-4.2000531331201,-3.0878360192277334,1.0,1.7669916674638952,0.5777096351661708,-0.01627572170448058,-0.0021144611932134663,1.046144752200377,284
reversal,33,-4.761907289009088,-3.7513041754673004,1.0,1.10005631594482,0.8165535456591151,-0.012406243862465974,-0.0005904265585603941,1.0483095881956614,302
reversal,34,-4.103848452815098,-3.7534419925724,1.0,0.8421122785753692,-0.0669317258858595,-0.01270481827273315,-0.001371446908617958,1.0372875323303328,296
reversal,35,-4.453129663693852,-2.8065899511390375,1.0,0.7693071128027922,-0.4155029906310743,-0.010947315717328748,-0.0014346824294779092,1.0696572202847343,302
reversal,36,-3.0137153361333175,-2.9004090357526193,1.0,2.242081975899743,-0.10495822838446722,-0.013863376294902101,-0.0022517891672729673,1.2362414390907268,313
reversal,37,-2.1462626812349064,-6.760623278589602,1.0,0.5857757021168093,0.674967345816061,-0.018073792406311254,0.0010188000173420805,1.5147472158659596,383
reversal,38,-3.528680715783101,-6.6277053828391965,1.0,1.8100319330718833,-0.8681032925797623,-0.014829543141318279,-0.0004321988353875998,1.0267571760508314,280
reversal,39,-3.7694647516962063,-2.0655799928953895,1.0,3.826680302817498,-0.2554177518887675,-0.010690345378160479,-0.004125213527961053,1.1347778887663371,291
reversal,40,-5.767490574850028,-5.378121132805711,1.0,2.860028850010538,0.7720917593045202,-0.013252722095423507,0.0004993199820441731,1.0574951361407077,303
reversal,41,-5.594797564540704,-7.342061938552662,1.0,3.964674268336365,-0.7248593989016221,-0.01745592824170445,1.65609276966889e-05,1.0564386346274628,292
reversal,42,-3.7040861387430457,-2.2403894637454975,1.0,0.9913078533683394,-0.9909229875036318,-0.015578729198887638,-0.004234025096281857,1.0735883352746576,283
reversal,43,-4.305570039272583,-5.996416063697008,1.0,0.8498416944011973,-0.38039101778444184,-0.016745026953901634,-0.00025022994394170316,1.0410878879338374,297
reversal,44,-2.7399782562791346,-6.873439980493088,1.0,3.921068517612398,0.07602304554941841,-0.014346129036736766,0.00033440411138457263,1.340061745538355,360
reversal,45,-3.5678235499809463,-6.558779423481327,1.0,1.476234518567548,-0.7123359242830316,-0.01368424660484779,-0.00012305151677023644,1.187516311631494,323
reversal,46,-4.8572170027672215,-7.607665938247244,1.0,2.1243860516069923,-0.5794743448363533,-0.013892753317685625,0.00013462587168668852,1.049551189047216,294
reversal,47,-5.893569441898835,-3.9340199450781626,1.0,3.065648374816206,0.6392586701504315,-0.014647417988131088,-0.00028346255620720584,1.0581658155327656,284
reversal,48,-4.030710024977075,-7.322039071929021,1.0,3.53848709841429,0.380398762722457,-0.013256897119967012,-0.00014890022413962723,1.0358685471481406,285
reversal,49,-3.142558414428998,-4.569011157735219,1.0,0.6427177750437323,0.835126236666587,-0.01737982651049256,-0.0006526068632047843,1.2605156616720479,319
reversal,50,-4.769655123473019,-4.413392300775429,1.0,1.4136722989314385,0.946533561859978,-0.012162559097150933,-4.4394883941974225e-05,1.0484145228497328,315
reversal,51,-3.924232410045873,-7.952167476531109,1.0,3.8557337137722465,-0.9566995454105489,-0.012912044341074173,3.4688637802769296e-05,1.0337764017306423,305
reversal,52,-4.592539236563257,-6.214629391553155,1.0,3.417002739743702,0.9328149987116467,-0.01324550567692615,8.782284231841737e-05,1.0458776616325196,304
reversal,53,-4.486338944781826,-4.1235882018524785,1.0,3.282418171875932,-0.8925031966285186,-0.012846318714873803,-0.0008486203655467621,1.0441985150307913,286
reversal,54,-2.7139643948786207,-6.650515189701865,1.0,1.0901846911532629,0.7357312795149284,-0.016752827775354504,3.0938566904835406e-05,1.157546516433527,334
reversal,55,-4.448275924527197,-4.300378246125133,1.0,0.716811820089382,0.998883435222383,-0.012507824330952868,-0.000648376183767781,1.0435695326612326,301
reversal,56,-3.5631727223792575,-7.916957123464021,1.0,0.5564873749016165,0.10394038216183632,-0.012362808683034401,0.00012734863119630673,1.0859950943418593,336
reversal,57,-4.150307928299886,-7.441808226709985,1.0,1.6350287457310135,-0.7389849242143425,-0.016706196224798093,-0.0001871823435350672,1.0381929915355923,283
reversal,58,-4.9097576482302205,-3.2743356112251334,1.0,1.9343716351890354,0.4470096948958169,-0.011625384949996535,-0.0008499634650238584,1.0501947375688128,301
reversal,59,-3.5132479590606813,-5.876744881335818,1.0,3.621277845356757,0.10743567997481773,-0.017209545311649997,-0.0005314250860509698,1.1101587118184404,295
reversal,60,-2.0470877073344718,-4.616640313856836,1.0,2.148820844630291,-0.9139896126327016,-0.013733677449471867,-0.000377113110861336,1.404173835203463,339
reversal,61,-5.178307374724696,-6.435040523549127,1.0,2.230766709634237,-0.8920198261580803,-0.01665608117047061,-0.00011584895499657628,1.053092118440027,287
reversal,62,-4.289722630878712,-3.3596233775650157,1.0,3.01466562819223,0.48910720607435665,-0.01177135200486693,-0.0015306962410713248,1.0407937402932566,292
reversal,63,-4.499026633509422,-4.33617668148582,1.0,2.5622947630728183,-0.3324796547243518,-0.014955770268522725,-0.0008014958500106771,1.0444054222401111,289
reversal,64,-2.9727348874308688,-2.3096750858170036,1.0,3.9195924798572137,0.3968913287738718,-0.014813534367381788,-0.0048210613965859435,1.1324109305522585,292
reversal,65,-5.668170763764762,-3.244020916034385,1.0,3.739251896969302,-0.21196404094592736,-0.012112189461410251,-0.00040036070386103136,1.056907970940051,303
reversal,66,-5.9775509785728715,-7.281458204453416,1.0,1.2811956178328305,0.6037280261180991,-0.01315882962027311,0.0010527970080883068,1.058570482729038,319
reversal,67,-5.961565370020871,-4.514866648994899,1.0,0.9872032065157315,-0.5391615747439886,-0.014924196670953661,-1.5213229879541196e-05,1.0584958871429335,300
reversal,68,-2.368022090956732,-6.1627947770995695,1.0,2.1457256089122665,0.6102426968528136,-0.014531796580294534,0.0001610536632961926,1.5450023743314547,342
reversal,69,-4.380513965595499,-5.195543883487054,1.0,2.5551615310104405,0.3627370098865448,-0.01338551774708339,-0.00023797736586770346,1.0424152261201227,303
reversal,70,-5.536677867756756,-5.5444760195632234,1.0,3.998214931306304,-0.8804981351798398,-0.015184979757187737,6.041448311970572e-05,1.0560434711137887,296
reversal,71,-5.61484696033728,-5.894018884991481,1.0,3.8245034583054203,-0.5097289365387887,-0.013756203344749337,0.00041530468725019937,1.0565701081342889,302
reversal,72,-2.1375075297082407,-7.758464039984268,1.0,2.805406035691545,-0.722974158180022,-0.014674338035023582,0.001552483551579443,1.3085760529799502,391
reversal,73,-5.43155003933931,-2.689048495592724,1.0,2.6746959880658365,0.15734395434854687,-0.011067660489874665,-0.0010317596222218699,1.0552725962126452,306
reversal,74,-4.471353744361476,-2.6186114753008285,1.0,2.0323856701770957,0.9553255121116289,-0.011617800665488117,-0.002506550958109385,1.0482733920919596,288
reversal,75,-4.658402802787889,-7.222517633906392,1.0,3.4075478666736694,-0.9718841453239309,-0.012890282497919552,8.32748563473237e-05,1.0468593282036938,296
reversal,76,-4.831010564100927,-2.9250676750706415,1.0,2.129540382135026,-0.054634789616297086,-0.012550802940584785,-0.0017769107603522398,1.049216606925185,284
reversal,77,-3.677751259589714,-7.789604686397084,1.0,2.484313401862783,0.3015764020298224,-0.012015537829262327,4.9761214379655893e-05,1.0673753491614737,318
reversal,78,-4.453615619793397,-5.132143424282987,1.0,3.6388810059446888,-0.10280370200720834,-0.013520498868297022,-0.00040301635993591616,1.0436597806801549,294
reversal,79,-2.9162345652580974,-6.504588104225946,1.0,1.4302670098702022,0.37585810325949187,-0.01837585349467565,-0.00019756247528619718,1.16483012182224,318
reversal,80,-5.819340626643349,-4.0882157264212715,1.0,1.9315243078768858,0.09286871584846912,-0.012915931064007987,0.00022503256543810496,1.0577805512778204,303
reversal,81,-5.1527412570876585,-6.6650509907013635,1.0,2.7697810316987033,0.1190550035147282,-0.019650113059573038,-0.00010160993789770084,1.0528438268107252,283
reversal,82,-4.181178840156882,-5.530073322441348,1.0,3.255031270875793,0.6631844586942066,-0.01273295212580371,-0.00010206535094679275,1.038780749846626,322
reversal,83,-3.75582183591206,-3.3967906463647566,1.0,1.3275648008297072,-0.06649289773331546,-0.013210957484903278,-0.0019710051550407242,1.0453488347146846,292
reversal,84,-4.415243823953469,-2.621625106948997,1.0,2.8227787422014483,0.01639704014010679,-0.010576472640144937,-0.002133000178951105,1.0534553494997716,298
reversal,85,-4.441798310097802,-4.522964033612572,1.0,1.7080305697397744,0.5688541172912471,-0.012494623726562628,-0.0005062628357468792,1.0434613831099204,292
reversal,86,-2.2917574914679064,-4.680758669371663,1.0,1.917518997469445,-0.49761152520391305,-0.014507717101280819,-0.0006379772693722067,1.5113615168854015,321
reversal,87,-3.926539705462415,-7.3029893009876234,1.0,1.68922179921053,0.5690040677966552,-0.013012776924432756,-0.00021398543994014966,1.0338212865067742,293
reversal,88,-3.348335173426918,-4.398465127416964,1.0,1.5616608801750655,0.7670421239443064,-0.013219211584235016,-0.001047351071557867,1.0800233764263683,304
reversal,89,-2.105931671829198,-6.677090304371057,1.0,2.656980039827796,-0.8818990153924309,-0.014082545011540052,0.0009298781076038134,1.4074582920543253,372
reversal,90,-4.41344340312164,-5.958937173259566,1.0,1.925085072481775,0.6775866023921884,-0.017909191868010654,-0.00040492519358720013,1.0429827990153628,281
reversal,91,-4.797835592841792,-5.542957191147912,1.0,2.8127682946483996,0.5616170236951656,-0.012652313562725842,0.0002516212808798193,1.0487890402211255,309
reversal,92,-4.947186807216832,-5.451367583480407,1.0,3.5360878984249733,0.5275437824701033,-0.015163289176297319,-0.00012708396702012015,1.0506394076234349,314
reversal,93,-2.214055243566633,-5.582833404689525,1.0,3.4828465244892266,-0.6640817842324152,-0.016045939727609326,0.00012858230733430942,1.5530399146956124,360
reversal,94,-5.2220117941347395,-6.66464897365933,1.0,1.2031956634265908,0.9071990158834036,-0.013351694933691248,0.0003294499597359231,1.053504077176832,319
reversal,95,-5.866589899754434,-7.624222343758399,1.0,2.7225806593846187,-0.5851632634487962,-0.015480835834165874,0.0003370155258047222,1.058028971783517,312
reversal,96,-3.155161505271389,-3.114310934821563,1.0,0.7288752179503365,0.5226488395359619,-0.011558239897900587,-0.0021139993229237204,1.0877469610205093,306
reversal,97,-2.9216067673425847,-6.769138652213405,1.0,3.160802270336384,0.42690659732889524,-0.014019135845645084,-5.6285082026871736e-06,1.2445620452347101,329
reversal,98,-5.986074194909419,-7.182081889492444,1.0,0.5194597885989276,-0.9983344964992857,-0.013346490781013765,0.0009162541008790324,1.0586097746878762,322
reversal,99,-2.257548036791179,-2.352377604748506,1.0,3.1325868196551814,0.32100058321669644,-0.011249560104854311,-0.002289430433353944,1.6259104768938917,331
